date,txn_count,txn_total_value_aed,txn_avg_price_per_sqft,rental_count,rental_avg_annual_rent_aed
2024-09-06,19,70086993.0,1344.3526315789475,54,190198.12962962964
2024-09-07,29,122476677.0,1304.286206896552,58,204031.89655172414
2024-09-08,46,193601611.0,1376.8717391304347,129,181424.32558139536
2024-09-09,51,142500912.0,1426.2627450980392,128,171680.90625
2024-09-10,48,321731399.0,1546.375,115,195911.72173913044
2024-09-11,46,183966310.0,1507.4891304347825,116,207163.18103448275
2024-09-12,59,253937218.0,1491.5372881355931,124,188112.13709677418
2024-09-13,18,91448431.0,1492.7388888888888,38,197436.31578947368
2024-09-14,21,64266607.0,1333.8666666666668,43,192173.02325581395
2024-09-15,53,225176642.0,1444.3943396226414,117,192829.7606837607
2024-09-16,37,187478641.0,1472.1054054054055,121,215560.23966942148
2024-09-17,60,216685443.0,1486.0483333333332,124,207124.84677419355
2024-09-18,47,188960556.0,1742.8936170212767,116,162028.4396551724
2024-09-19,44,163715167.0,1471.9045454545455,128,201348.71875
2024-09-20,13,43473018.0,1175.7076923076922,47,212011.6595744681
2024-09-21,17,65364696.0,1556.1647058823528,49,210520.24489795917
2024-09-22,48,165742888.0,1448.0041666666666,128,185959.125
2024-09-23,56,231436248.0,1418.3,125,191211.64
2024-09-24,47,154893054.0,1216.6914893617022,168,206783.25
2024-09-25,49,183098181.0,1586.712244897959,115,196488.41739130433
2024-09-26,44,177430450.0,1468.1454545454546,124,178948.53225806452
2024-09-27,22,82481499.0,1374.1272727272726,34,184173.4705882353
2024-09-28,22,120461166.0,1587.6045454545456,69,162814.72463768115
2024-09-29,41,186557009.0,1834.7926829268292,117,171137.90598290597
2024-09-30,57,235411991.0,1452.9894736842105,114,201402.69298245615
2024-10-01,45,197329368.0,1493.6599999999999,134,194678.8656716418
2024-10-02,58,183487835.0,1482.951724137931,128,196971.640625
2024-10-03,41,232283816.0,1745.158536585366,144,204969.67361111112
2024-10-04,21,101476379.0,1266.3238095238096,39,208185.4358974359
2024-10-05,27,114884301.0,1507.3629629629631,64,183782.5625
2024-10-06,58,259470212.0,1432.2362068965517,132,206946.60606060605
2024-10-07,47,246801995.0,1567.1212765957446,146,189373.19178082192
2024-10-08,56,272626838.0,1505.5035714285714,145,186899.2551724138
2024-10-09,48,206335548.0,1530.5625,122,198915.131147541
2024-10-10,54,256281222.0,1455.9388888888889,130,189131.61538461538
2024-10-11,16,62550669.0,1478.50625,47,191049.29787234042
2024-10-12,24,119648847.0,1524.8416666666665,58,171561.0344827586
2024-10-13,59,260380534.0,1457.5711864406778,132,211607.34848484848
2024-10-14,46,144976872.0,1236.8086956521738,138,195431.27536231885
2024-10-15,51,197229917.0,1324.6000000000001,147,168074.61904761905
2024-10-16,54,221095192.0,1433.0462962962963,148,188877.2162162162
2024-10-17,59,249033569.0,1592.964406779661,134,178084.3432835821
2024-10-18,21,67751378.0,1440.3,42,238270.97619047618
2024-10-19,24,70350971.0,1470.3,63,159137.17460317462
2024-10-20,54,216294089.0,1585.5074074074073,155,158587.6
2024-10-21,64,287128479.0,1507.0015624999999,142,187410.5915492958
2024-10-22,52,224239327.0,1478.0500000000002,148,197162.5
2024-10-23,72,378122051.0,1633.947222222222,152,186681.09868421053
2024-10-24,69,262477513.0,1452.9202898550725,142,190109.21830985916
2024-10-25,29,128867077.0,1453.5620689655173,56,188844.94642857142
2024-10-26,24,112696824.0,1439.0166666666667,73,159478.67123287672
2024-10-27,67,410359599.0,1704.4179104477612,154,193946.01298701297
2024-10-28,63,294269630.0,1452.8206349206348,172,199110.12209302327
2024-10-29,44,202019924.0,1578.1477272727273,139,185896.74820143884
2024-10-30,51,235693647.0,1568.0,157,184304.1082802548
2024-10-31,56,248703344.0,1507.2749999999999,152,184844.78289473685
2024-11-01,18,71738095.0,1700.1833333333334,53,191945.35849056602
2024-11-02,20,80080982.0,1402.92,74,225197.55405405405
2024-11-03,60,217127728.0,1528.3316666666665,147,204618.50340136053
2024-11-04,60,239137787.0,1511.6216666666667,162,204253.46913580247
2024-11-05,66,273670035.0,1317.840909090909,156,191001.2564102564
2024-11-06,68,275763757.0,1538.0470588235294,160,166612.38125
2024-11-07,70,324055900.0,1494.3657142857144,161,224032.06832298136
2024-11-08,17,101155953.0,1251.7176470588233,58,183868.1724137931
2024-11-09,29,174748352.0,1408.3586206896553,78,204874.73076923078
2024-11-10,63,253603741.0,1541.052380952381,159,197624.83018867925
2024-11-11,54,264536253.0,1550.6,172,188249.12209302327
2024-11-12,62,251804300.0,1515.4596774193549,162,176226.3086419753
2024-11-13,56,247612367.0,1532.5089285714287,152,183956.61842105264
2024-11-14,60,215829631.0,1419.45,170,185445.2705882353
2024-11-15,29,121229834.0,1460.7620689655173,53,179008.09433962265
2024-11-16,32,130717326.0,1422.34375,68,208738.1911764706
2024-11-17,73,396962014.0,1686.441095890411,160,213024.96875
2024-11-18,56,223575964.0,1446.5589285714286,180,194916.52777777778
2024-11-19,64,288199544.0,1441.8671875,176,179547.82954545456
2024-11-20,65,281361048.0,1495.7646153846154,128,179836.640625
2024-11-21,60,230294725.0,1531.8133333333333,202,167300.88613861386
2024-11-22,22,126991860.0,1834.1136363636363,65,184759.2
2024-11-23,27,68366671.0,1271.2259259259258,70,170921.22857142857
2024-11-24,91,334173234.0,1450.7120879120878,183,192973.42076502732
2024-11-25,65,262905171.0,1412.5015384615385,177,183415.79096045197
2024-11-26,62,245238686.0,1445.4499999999998,175,189588.74857142856
2024-11-27,70,235032847.0,1459.89,178,187867.56741573033
2024-11-28,57,219055370.0,1321.819298245614,170,182499.87647058823
2024-11-29,23,67971044.0,1583.8826086956524,69,196434.884057971
2024-11-30,33,123556116.0,1506.0424242424242,75,181715.76
2024-12-01,67,275411131.0,1385.8119402985074,168,212314.25
2024-12-02,62,304652553.0,1463.0193548387097,165,207455.07272727272
2024-12-03,75,375340345.0,1465.2053333333333,208,165480.17788461538
2024-12-04,64,279049839.0,1553.3484375,167,206439.34131736527
2024-12-05,49,250297961.0,1409.4877551020406,180,204444.22777777776
2024-12-06,25,89876154.0,1410.388,66,166521.19696969696
2024-12-07,32,177754362.0,1656.875,90,201660.3111111111
2024-12-08,79,348491245.0,1545.5379746835442,182,177277.7142857143
2024-12-09,67,293302153.0,1548.3910447761193,178,178009.94382022473
2024-12-10,80,374420052.0,1605.92625,160,181892.63125
2024-12-11,67,288600281.0,1529.4910447761192,173,176324.64739884392
2024-12-12,68,293610396.0,1616.6132352941177,160,178050.70625
2024-12-13,26,70178377.0,1389.996153846154,69,215332.66666666666
2024-12-14,33,117495499.0,1378.2484848484848,89,183663.14606741574
2024-12-15,71,339027778.0,1554.0436619718312,170,194436.2588235294
2024-12-16,73,345020934.0,1452.5013698630137,175,200101.13142857142
2024-12-17,76,267365005.0,1558.8605263157895,185,199545.1783783784
2024-12-18,60,296467729.0,1544.3983333333333,178,185118.9775280899
2024-12-19,75,360926259.0,1594.0213333333334,191,199335.67015706806
2024-12-20,36,156862881.0,1500.7333333333333,64,163827.65625
2024-12-21,31,135017486.0,1571.9709677419355,99,189736.0
2024-12-22,67,280250597.0,1512.413432835821,183,184767.06010928962
2024-12-23,59,186687216.0,1436.757627118644,188,194249.54787234042
2024-12-24,81,510658722.0,1671.6506172839509,183,193910.92349726777
2024-12-25,72,317805875.0,1443.8833333333334,188,201344.8510638298
2024-12-26,69,306990173.0,1509.955072463768,172,182316.01744186046
2024-12-27,35,181527660.0,1669.7085714285715,67,209808.6567164179
2024-12-28,34,119445348.0,1410.9058823529413,88,198284.0340909091
2024-12-29,69,354455202.0,1559.1666666666667,194,196030.6649484536
2024-12-30,69,304379644.0,1538.1,157,168973.6305732484
2024-12-31,71,282808832.0,1518.2732394366196,178,205283.68539325843
2025-01-01,72,274203647.0,1417.1402777777778,176,179673.82386363635
2025-01-02,76,381551052.0,1504.7315789473685,192,190045.03125
2025-01-03,24,163959938.0,1732.7333333333333,58,203297.89655172414
2025-01-04,28,120594511.0,1422.4785714285715,69,176278.14492753622
2025-01-05,64,346919890.0,1558.2921875,198,204540.46464646465
2025-01-06,71,292550475.0,1430.6549295774648,175,193854.38285714286
2025-01-07,83,410787552.0,1463.075903614458,195,190821.87179487178
2025-01-08,75,418585293.0,1405.1413333333335,182,195403.8021978022
2025-01-09,58,271141380.0,1426.1258620689655,206,197921.5145631068
2025-01-10,29,110108875.0,1468.5206896551724,71,202032.98591549296
2025-01-11,25,95290144.0,1673.9560000000001,76,194960.75
2025-01-12,67,378021120.0,1759.2402985074627,202,197978.0
2025-01-13,88,424342378.0,1598.3261363636366,189,214587.29100529102
2025-01-14,73,350144528.0,1548.5849315068492,189,199861.80952380953
2025-01-15,81,367772609.0,1535.8333333333333,184,180731.7989130435
2025-01-16,69,264620826.0,1398.9840579710144,191,204478.04712041884
2025-01-17,29,164933591.0,1664.8,63,224177.2857142857
2025-01-18,24,132923288.0,1533.6333333333332,79,229799.46835443037
2025-01-19,62,235349640.0,1523.6774193548388,190,181301.17894736843
2025-01-20,76,363598597.0,1483.2236842105262,170,194404.95294117648
2025-01-21,65,398142621.0,1663.3907692307691,210,198861.99047619046
2025-01-22,70,316857909.0,1535.2514285714287,217,205666.69585253455
2025-01-23,77,298265714.0,1468.448051948052,176,184330.50568181818
2025-01-24,28,146781419.0,1797.332142857143,67,227627.1343283582
2025-01-25,35,159144310.0,1546.5,78,184069.61538461538
2025-01-26,73,277579819.0,1510.5205479452054,177,187483.98305084746
2025-01-27,92,434478372.0,1688.4576086956522,186,181325.4193548387
2025-01-28,77,318076619.0,1392.8974025974026,182,201515.0934065934
2025-01-29,70,294914729.0,1499.662857142857,182,205444.05494505496
2025-01-30,71,291133440.0,1605.6845070422537,199,200643.5929648241
2025-01-31,26,96890309.0,1460.7884615384614,75,190008.2
2025-02-01,31,97450943.0,1300.7806451612903,87,213390.091954023
2025-02-02,56,288953383.0,1795.1946428571428,158,202165.3417721519
2025-02-03,64,289888520.0,1422.340625,186,187551.83870967742
2025-02-04,84,343027895.0,1445.022619047619,194,201154.07731958764
2025-02-05,88,405779960.0,1580.078409090909,174,231548.06896551725
2025-02-06,65,245463952.0,1493.3846153846155,199,180308.1608040201
2025-02-07,22,100368985.0,1552.4818181818182,63,189474.88888888888
2025-02-08,41,135177410.0,1543.2219512195122,71,197875.94366197183
2025-02-09,78,351341209.0,1373.6858974358975,179,214860.687150838
2025-02-10,72,283872610.0,1427.1305555555555,180,190389.9
2025-02-11,68,252216947.0,1670.5720588235292,220,204222.24545454545
2025-02-12,79,263856380.0,1371.0493670886076,189,199795.5185185185
2025-02-13,70,300161034.0,1467.27,176,205788.57954545456
2025-02-14,26,120722781.0,1522.3115384615385,67,201013.91044776118
2025-02-15,23,101936353.0,1339.2608695652175,70,181103.98571428572
2025-02-16,61,247412134.0,1530.5540983606559,177,193343.66666666666
2025-02-17,69,321529297.0,1628.3855072463768,180,193316.25
2025-02-18,81,361757764.0,1723.2259259259258,152,178001.2105263158
2025-02-19,52,201422947.0,1545.0884615384616,174,209703.16091954024
2025-02-20,69,334893559.0,1666.931884057971,171,201930.25146198831
2025-02-21,16,81965757.0,1619.74375,74,210526.0945945946
2025-02-22,35,164774892.0,1485.2657142857145,88,168318.47727272726
2025-02-23,76,372764435.0,1548.9026315789474,174,173137.71264367815
2025-02-24,67,280587233.0,1514.9731343283581,192,186415.86458333334
2025-02-25,63,262827720.0,1617.0904761904762,143,205671.52447552446
2025-02-26,76,294735235.0,1595.453947368421,171,170641.45029239767
2025-02-27,83,315617061.0,1481.6939759036145,185,222805.15135135135
2025-02-28,24,149643339.0,1630.5874999999999,54,172413.94444444444
2025-03-01,28,190697027.0,1787.517857142857,79,194613.2658227848
2025-03-02,60,286121393.0,1641.3483333333331,161,196739.8198757764
2025-03-03,61,243817213.0,1543.8426229508195,173,220659.79190751445
2025-03-04,61,202511989.0,1544.4754098360656,174,221423.7528735632
2025-03-05,66,328170517.0,1536.7969696969699,162,197795.83950617284
2025-03-06,82,336812412.0,1626.8829268292682,174,214980.59770114944
2025-03-07,27,88125948.0,1382.0703703703705,67,176140.49253731343
2025-03-08,39,202099768.0,1526.8564102564103,83,223836.7108433735
2025-03-09,68,304932567.0,1506.1176470588234,218,198677.43119266056
2025-03-10,70,268828068.0,1597.15,156,198018.45512820513
2025-03-11,71,301345723.0,1506.0647887323944,159,207409.03144654087
2025-03-12,65,400294134.0,1624.7692307692307,151,192151.940397351
2025-03-13,71,320258094.0,1559.1098591549296,171,205971.22222222222
2025-03-14,28,152338436.0,1827.6000000000001,73,185196.7808219178
2025-03-15,33,153899334.0,1497.1363636363637,77,176904.54545454544
2025-03-16,73,293038988.0,1373.3410958904108,176,202212.42613636365
2025-03-17,72,278009860.0,1548.9499999999998,167,228560.86826347306
2025-03-18,50,240968114.0,1474.5339999999999,169,211428.02366863904
2025-03-19,67,259849530.0,1585.7313432835822,158,209609.53164556963
2025-03-20,55,275163985.0,1548.6636363636364,162,204006.61728395062
2025-03-21,29,132826210.0,1561.648275862069,55,206279.78181818183
2025-03-22,26,155853344.0,1600.6538461538462,81,221295.04938271604
2025-03-23,68,373394352.0,1728.6647058823528,173,222375.24277456646
2025-03-24,70,408145082.0,1596.74,147,198267.51020408163
2025-03-25,59,250584005.0,1586.5813559322035,144,202329.86111111112
2025-03-26,62,196593059.0,1565.7516129032258,161,199070.5652173913
2025-03-27,80,361634906.0,1540.50875,148,189411.86486486485
2025-03-28,27,121237008.0,1588.8777777777777,46,194131.30434782608
2025-03-29,31,141581888.0,1600.6935483870968,57,183597.0350877193
2025-03-30,71,317282023.0,1455.2845070422534,141,208984.82978723405
2025-03-31,55,257094166.0,1525.6090909090908,157,182716.1337579618
2025-04-01,44,188429789.0,1915.7431818181817,177,182355.48587570622
2025-04-02,68,274664398.0,1599.0764705882352,141,199231.02127659574
2025-04-03,71,285975040.0,1469.9422535211268,158,195530.28481012658
2025-04-04,21,129557659.0,1682.485714285714,45,178943.6888888889
2025-04-05,32,132970139.0,1333.890625,55,210445.92727272728
2025-04-06,62,245186774.0,1698.4209677419356,171,183377.42105263157
2025-04-07,48,224496965.0,1589.9770833333332,164,180934.21341463414
2025-04-08,70,260541593.0,1485.4828571428573,164,200697.7987804878
2025-04-09,61,286711031.0,1443.2590163934426,153,214733.5751633987
2025-04-10,79,327506667.0,1515.320253164557,147,209402.79591836734
2025-04-11,17,57376680.0,1572.9529411764706,52,200532.36538461538
2025-04-12,22,97592164.0,1726.2136363636362,72,215934.72222222222
2025-04-13,68,284217020.0,1514.495588235294,131,213406.09923664122
2025-04-14,49,210483172.0,1457.2816326530613,134,199636.0671641791
2025-04-15,72,385403251.0,1630.3638888888888,133,212170.007518797
2025-04-16,54,230553463.0,1507.251851851852,151,219124.23841059604
2025-04-17,59,252576217.0,1515.8050847457628,130,201832.73076923078
2025-04-18,24,63985659.0,1632.9791666666667,52,193038.67307692306
2025-04-19,31,106974853.0,1780.516129032258,70,201826.92857142858
2025-04-20,61,250919819.0,1659.7754098360656,145,203616.4551724138
2025-04-21,62,292703845.0,1642.8306451612902,148,182211.12162162163
2025-04-22,55,208883202.0,1433.6545454545455,163,204739.98159509202
2025-04-23,52,240473772.0,1550.0846153846153,144,193358.63888888888
2025-04-24,53,268589017.0,1617.4622641509434,123,185548.72357723577
2025-04-25,20,78780023.0,1437.06,54,171273.12962962964
2025-04-26,26,105650337.0,1663.819230769231,65,207059.84615384616
2025-04-27,48,240525419.0,1593.0104166666667,162,229205.65432098764
2025-04-28,60,329738361.0,1418.1766666666667,145,182937.93103448275
2025-04-29,57,242514095.0,1605.3052631578946,155,200406.25161290323
2025-04-30,52,198029133.0,1481.9134615384614,142,198261.71126760563
2025-05-01,44,173944475.0,1653.8522727272727,137,208551.13138686132
2025-05-02,21,83992521.0,1630.8142857142857,41,201678.8536585366
2025-05-03,24,113893117.0,1510.7833333333335,69,182750.42028985507
2025-05-04,54,267279347.0,1480.1277777777777,162,209331.14197530865
2025-05-05,45,184129904.0,1549.1733333333334,142,201655.02112676058
2025-05-06,56,318828555.0,1816.5321428571428,138,216534.08695652173
2025-05-07,62,241414434.0,1561.5838709677419,137,225655.18248175184
2025-05-08,60,234662730.0,1474.9766666666667,129,197771.4496124031
2025-05-09,15,88820958.0,1567.26,45,219257.22222222222
2025-05-10,21,101676764.0,1583.0285714285715,49,210233.83673469388
2025-05-11,56,274170193.0,1583.439285714286,128,238227.0390625
2025-05-12,53,221581102.0,1643.4792452830188,120,217673.18333333332
2025-05-13,59,247683255.0,1474.472881355932,131,196348.35877862596
2025-05-14,51,226808121.0,1581.064705882353,119,209347.09243697478
2025-05-15,49,248398625.0,1463.9224489795918,117,211558.29914529916
2025-05-16,21,100721801.0,1493.8142857142857,48,209852.41666666666
2025-05-17,25,128866063.0,1610.636,50,226965.84
2025-05-18,55,197258159.0,1545.0890909090908,148,222336.6891891892
2025-05-19,50,230085921.0,1747.684,116,196052.97413793104
2025-05-20,50,242599300.0,1601.924,112,213176.36607142858
2025-05-21,24,86594037.0,1396.4083333333335,134,221708.41791044775
2025-05-22,48,225957098.0,1793.9729166666666,129,209360.82945736434
2025-05-23,20,153611703.0,2040.5349999999999,49,171161.48979591837
2025-05-24,31,151154163.0,1636.6935483870968,47,185068.70212765958
2025-05-25,44,191516314.0,1525.334090909091,126,237000.45238095237
2025-05-26,56,278147052.0,1600.6517857142858,109,186242.78899082568
2025-05-27,45,197700903.0,1530.357777777778,110,188987.12727272726
2025-05-28,49,271705115.0,1625.4489795918366,130,203188.05384615384
2025-05-29,36,166366984.0,1422.4055555555556,141,183671.3120567376
2025-05-30,17,111197501.0,1596.105882352941,53,176613.28301886792
2025-05-31,13,54211782.0,1764.9923076923078,56,219801.94642857142
2025-06-01,44,193250158.0,1530.3954545454544,127,199745.1653543307
2025-06-02,52,176774998.0,1588.8076923076924,113,219831.9646017699
2025-06-03,41,142961013.0,1408.3463414634145,129,185583.3100775194
2025-06-04,52,221791906.0,1575.9153846153847,127,190853.97637795276
2025-06-05,49,243817690.0,1463.7163265306124,108,223073.5648148148
2025-06-06,17,43822066.0,1155.6529411764704,35,208448.34285714285
2025-06-07,24,104891676.0,1898.2124999999999,55,193661.05454545454
2025-06-08,36,123249353.0,1457.1888888888889,115,200859.37391304347
2025-06-09,44,146040752.0,1553.9227272727273,107,188066.81308411216
2025-06-10,35,178584285.0,1594.3485714285714,102,226356.1568627451
2025-06-11,53,272370442.0,1832.301886792453,113,245249.62831858406
2025-06-12,48,242977172.0,1718.1020833333332,107,181494.21495327103
2025-06-13,21,84471758.0,1563.4095238095238,41,170945.75609756098
2025-06-14,19,130493945.0,1928.0736842105264,63,212270.57142857142
2025-06-15,47,254568622.0,1722.6851063829786,117,191626.7435897436
2025-06-16,50,226744473.0,1638.352,108,216092.90740740742
2025-06-17,51,230121060.0,1565.5745098039217,109,202327.3119266055
2025-06-18,44,194313721.0,1623.625,122,196705.66393442624
2025-06-19,46,198993489.0,1452.4369565217391,120,209678.35
2025-06-20,10,27924748.0,1287.8200000000002,39,215103.5128205128
2025-06-21,14,43495561.0,1786.3,43,196856.46511627908
2025-06-22,38,188424599.0,1468.6842105263158,113,167561.55752212388
2025-06-23,39,131132721.0,1275.5692307692307,108,205235.07407407407
2025-06-24,43,208377884.0,1527.4674418604652,105,210385.2
2025-06-25,40,148766269.0,1528.2075,118,226813.1779661017
2025-06-26,46,264795245.0,1562.4543478260869,108,213362.94444444444
2025-06-27,14,51004992.0,1738.4071428571428,41,173785.56097560975
2025-06-28,26,108074484.0,1451.3115384615385,59,176696.89830508476
2025-06-29,43,173720630.0,1647.3162790697677,107,209770.7289719626
2025-06-30,43,205315441.0,1686.9395348837209,114,211003.0350877193
2025-07-01,33,154411843.0,1568.4424242424243,113,211447.38053097346
2025-07-02,33,184879952.0,1533.8909090909092,114,219588.6052631579
2025-07-03,32,149193352.0,1561.609375,95,196324.86315789472
2025-07-04,9,62929429.0,1345.2777777777778,38,173832.76315789475
2025-07-05,15,110439121.0,1603.74,50,203637.02
2025-07-06,38,176434472.0,1679.0105263157895,121,245550.47107438016
2025-07-07,32,101842563.0,1540.528125,99,191217.21212121213
2025-07-08,50,252805042.0,1799.914,108,218396.37962962964
2025-07-09,44,155015680.0,1593.7590909090907,91,213422.3186813187
2025-07-10,39,158110953.0,1593.3897435897436,99,206806.37373737374
2025-07-11,17,62564395.0,1732.4588235294118,29,193650.89655172414
2025-07-12,14,66069916.0,1793.435714285714,56,250349.23214285713
2025-07-13,54,214839125.0,1602.111111111111,118,216332.86440677967
2025-07-14,34,138203223.0,1545.0970588235296,121,194294.5785123967
2025-07-15,40,202959344.0,1753.5900000000001,106,192228.25471698114
2025-07-16,40,161689572.0,1553.0049999999999,117,204232.82905982906
2025-07-17,55,283273325.0,1601.8581818181817,104,217606.65384615384
2025-07-18,14,61726118.0,1850.8357142857144,42,231568.35714285713
2025-07-19,21,77162686.0,1704.7619047619048,42,201655.7142857143
2025-07-20,36,131970772.0,1672.6527777777778,135,197318.26666666666
2025-07-21,46,186609506.0,1436.3065217391306,117,209922.1452991453
2025-07-22,37,202943046.0,1623.818918918919,92,193732.69565217392
2025-07-23,41,179293262.0,1556.8756097560977,109,179337.94495412844
2025-07-24,43,179499775.0,1364.7093023255813,103,202685.46601941748
2025-07-25,15,48934187.0,1638.3933333333334,35,196428.88571428572
2025-07-26,12,63940069.0,1594.2916666666667,60,219528.15
2025-07-27,34,183759126.0,1863.0441176470588,129,209750.9457364341
2025-07-28,46,205422518.0,1508.1478260869567,115,218602.53043478262
2025-07-29,37,176912562.0,1606.1675675675674,129,208552.5426356589
2025-07-30,47,201680408.0,1488.1617021276597,133,189824.84210526315
2025-07-31,27,140340282.0,1762.4074074074074,120,180922.73333333334
2025-08-01,14,57719485.0,1444.0285714285715,36,241288.30555555556
2025-08-02,20,81807299.0,1264.185,55,204779.27272727274
2025-08-03,41,155388935.0,1513.7365853658537,110,174699.92727272728
2025-08-04,56,274543579.0,1598.769642857143,124,192910.56451612903
2025-08-05,43,192998338.0,1731.5511627906976,99,203151.84848484848
2025-08-06,42,196434451.0,1642.8547619047617,119,219891.79831932773
2025-08-07,38,171095955.0,1533.721052631579,125,195214.864
2025-08-08,15,101424720.0,1452.0666666666666,38,151058.57894736843
2025-08-09,22,86487165.0,1496.55,50,194576.86
2025-08-10,41,191687194.0,1688.6170731707318,108,212693.64814814815
2025-08-11,46,178325514.0,1535.7695652173911,116,222770.85344827586
2025-08-12,39,149062377.0,1546.502564102564,136,230668.5
2025-08-13,45,310590856.0,1577.6622222222222,127,218393.20472440944
2025-08-14,50,282922239.0,1857.894,108,185217.40740740742
2025-08-15,17,81590290.0,1573.3411764705882,33,225195.36363636365
2025-08-16,22,76296055.0,1592.5272727272727,61,219870.70491803277
2025-08-17,41,146989493.0,1536.1756097560974,109,203309.3394495413
2025-08-18,49,202447936.0,1669.742857142857,130,208991.79230769232
2025-08-19,46,205096118.0,1580.121739130435,126,196074.84126984127
2025-08-20,41,195744240.0,1725.6634146341462,124,214820.03225806452
2025-08-21,45,156670550.0,1533.4622222222222,114,238044.44736842104
2025-08-22,12,53258382.0,1707.8666666666668,27,163845.37037037036
2025-08-23,22,108665553.0,1748.15,55,197261.9090909091
2025-08-24,49,230884586.0,1506.94693877551,132,212553.12878787878
2025-08-25,52,250297137.0,1585.7557692307694,116,219701.5172413793
2025-08-26,47,191899141.0,1566.4446808510636,109,210784.14678899082
2025-08-27,37,204781871.0,1573.7945945945946,123,210028.58536585365
2025-08-28,54,311868531.0,1756.251851851852,106,232046.04716981133
2025-08-29,21,84911084.0,1515.2190476190476,34,151316.67647058822
2025-08-30,20,99320567.0,1595.4299999999998,63,212348.9841269841
2025-08-31,47,170635769.0,1427.3957446808513,130,219112.0923076923
2025-09-01,59,275178704.0,1664.3152542372882,133,215809.34586466165
2025-09-02,61,313275578.0,1628.3196721311476,125,191031.912
2025-09-03,61,270296092.0,1679.6950819672131,138,215532.9347826087
2025-09-04,43,261423386.0,1731.620930232558,133,212644.55639097744
2025-09-05,24,65881453.0,1337.2666666666667,34,201961.0
2025-09-06,23,82776590.0,1767.2608695652175,57,240362.01754385966
2025-09-07,40,202424608.0,1710.0925,103,237313.70873786407
2025-09-08,49,228810842.0,1617.7408163265306,139,221191.6330935252
2025-09-09,55,275737266.0,1661.1072727272729,132,241070.15151515152
2025-09-10,54,279043383.0,1758.075925925926,134,187173.26865671642
2025-09-11,57,250299550.0,1547.522807017544,143,203814.66433566433
2025-09-12,17,82166776.0,1504.870588235294,51,220802.25490196078
2025-09-13,24,119562479.0,1586.8333333333333,49,221331.22448979592
2025-09-14,46,187623526.0,1652.8847826086956,140,194744.0285714286
2025-09-15,50,220888235.0,1589.9379999999999,138,211675.52173913043
2025-09-16,54,254226681.0,1636.051851851852,135,199564.7111111111
2025-09-17,52,227995015.0,1535.2826923076923,140,179114.51428571428
2025-09-18,57,281334173.0,1650.8754385964912,136,206345.92647058822
2025-09-19,13,55896062.0,1529.4923076923078,44,226632.93181818182
2025-09-20,24,135684635.0,1745.2208333333335,55,176311.6181818182
2025-09-21,57,301915736.0,1808.578947368421,125,184142.512
2025-09-22,55,295793216.0,1752.7672727272727,131,200473.0534351145
2025-09-23,59,243901508.0,1574.3067796610171,118,199496.84745762713
2025-09-24,49,151107416.0,1472.2632653061223,151,207564.78145695364
2025-09-25,41,236986109.0,1643.2073170731708,125,201164.144
2025-09-26,19,101496244.0,1791.4842105263156,41,208903.19512195123
2025-09-27,29,148241378.0,1661.7931034482758,70,224143.2142857143
2025-09-28,58,217536310.0,1665.389655172414,128,208393.328125
2025-09-29,54,221703666.0,1650.125925925926,127,213953.43307086613
2025-09-30,35,147076853.0,1502.6171428571429,151,218568.53642384105
2025-10-01,47,222338122.0,1823.1787234042552,135,220556.54074074075
2025-10-02,60,230860906.0,1670.405,140,217098.69285714286
2025-10-03,20,67708175.0,1423.905,50,277848.16
2025-10-04,19,66293834.0,1734.5052631578947,62,202220.53225806452
2025-10-05,47,236672412.0,1527.5893617021277,158,218145.77215189874
2025-10-06,68,315115323.0,1638.2411764705882,147,202514.79591836734
2025-10-07,49,251051662.0,1893.3816326530612,170,198979.2588235294
2025-10-08,45,248224652.0,1740.457777777778,157,209325.29299363057
2025-10-09,42,282083746.0,1592.0428571428572,166,202073.72289156626
2025-10-10,30,156209403.0,1788.8733333333332,48,212835.6875
2025-10-11,29,82797857.0,1446.2586206896551,68,226412.8088235294
2025-10-12,66,305625415.0,1623.9030303030304,150,223222.03333333333
2025-10-13,51,232566466.0,1629.8960784313724,160,215533.425
2025-10-14,55,259369740.0,1620.72,161,211900.06832298136
2025-10-15,75,400394346.0,1686.4026666666666,172,222332.94186046513
2025-10-16,71,343023609.0,1688.0014084507043,165,206158.5515151515
2025-10-17,18,72614174.0,1481.0555555555557,51,222502.13725490196
2025-10-18,20,110079204.0,1673.27,50,195702.08
2025-10-19,68,361652880.0,1541.9632352941176,148,189994.2837837838
2025-10-20,67,290250630.0,1623.1164179104478,153,193734.07843137256
2025-10-21,76,429081219.0,1699.5947368421052,162,216568.0185185185
2025-10-22,69,276057376.0,1639.5942028985507,155,202960.94193548386
2025-10-23,63,278453823.0,1705.0825396825396,160,219344.075
2025-10-24,17,106518112.0,1376.7941176470588,57,258925.26315789475
2025-10-25,30,100335770.0,1520.6333333333334,84,220291.90476190476
2025-10-26,70,329790251.0,1527.1042857142857,147,212406.56462585033
2025-10-27,60,278713396.0,1619.29,170,211676.2117647059
2025-10-28,74,328434957.0,1669.6013513513512,156,182785.14102564103
2025-10-29,72,305005788.0,1617.7680555555555,158,194479.37974683545
2025-10-30,65,310961409.0,1726.963076923077,160,214363.41875
2025-10-31,27,87557402.0,1605.9925925925927,61,202137.9836065574
2025-11-01,33,144844865.0,1759.2181818181818,95,229919.28421052633
2025-11-02,76,380605358.0,1629.0315789473684,162,214894.33950617284
2025-11-03,57,277870052.0,1699.7263157894736,153,189300.77777777778
2025-11-04,79,406015492.0,1612.0708860759494,176,209113.94886363635
2025-11-05,68,379573846.0,1750.6176470588234,188,184134.164893617
2025-11-06,65,379067755.0,1653.0553846153848,175,231088.50857142857
2025-11-07,25,143639746.0,1730.7520000000002,43,207357.83720930232
2025-11-08,27,105410605.0,1589.4740740740742,63,233779.7142857143
2025-11-09,64,318899535.0,1516.584375,179,211343.35754189943
2025-11-10,76,350175459.0,1599.8118421052632,175,199021.14857142858
2025-11-11,58,235632805.0,1514.0241379310344,178,204233.57303370786
2025-11-12,83,379660002.0,1719.0795180722891,173,207881.23121387284
2025-11-13,79,343918976.0,1550.8316455696202,173,218079.06358381503
2025-11-14,35,136501834.0,1611.9742857142858,59,190628.57627118644
2025-11-15,25,90412838.0,1587.896,79,189678.68354430379
2025-11-16,74,364213526.0,1695.9175675675674,160,209552.15
2025-11-17,53,262046139.0,1874.9490566037737,173,218160.91329479768
2025-11-18,54,289924725.0,1719.8574074074074,185,217527.57837837838
2025-11-19,66,281640722.0,1626.392424242424,162,202953.35185185185
2025-11-20,70,368455335.0,1657.392857142857,175,216491.18857142856
2025-11-21,26,133970511.0,1825.776923076923,57,179204.19298245615
2025-11-22,29,107074700.0,1763.651724137931,83,201086.8313253012
2025-11-23,70,339380938.0,1676.95,167,199794.37724550898
2025-11-24,52,252807660.0,1499.8038461538463,165,220564.26666666666
2025-11-25,57,357521769.0,1773.977192982456,159,193361.106918239
2025-11-26,73,320853405.0,1642.8602739726027,162,204728.45061728396
2025-11-27,61,366432423.0,1653.0032786885245,182,204216.5
2025-11-28,22,131852659.0,1573.0863636363638,76,195884.31578947368
2025-11-29,33,128133923.0,1589.3303030303032,97,211552.7319587629
2025-11-30,70,383598537.0,1693.9857142857143,169,206028.31952662722
2025-12-01,65,348369691.0,1646.943076923077,196,208331.52551020408
2025-12-02,72,343903805.0,1873.6499999999999,195,208506.0358974359
2025-12-03,80,404294768.0,1619.8174999999999,195,213728.3076923077
2025-12-04,84,301142904.0,1673.720238095238,199,220234.46231155779
2025-12-05,35,150248757.0,1471.2057142857143,59,222366.0338983051
2025-12-06,28,174530431.0,1657.9714285714285,80,216141.1
2025-12-07,75,319257966.0,1520.9373333333333,177,231502.3502824859
2025-12-08,84,452603469.0,1848.2666666666667,198,208802.40404040404
2025-12-09,70,264357051.0,1683.8042857142857,207,207835.19806763285
2025-12-10,79,365481588.0,1699.2443037974683,183,215416.85792349727
2025-12-11,75,332432519.0,1554.8066666666666,200,199974.42
2025-12-12,26,113315415.0,1503.8000000000002,65,222513.55384615384
2025-12-13,30,128783568.0,1735.4,72,225851.06944444444
2025-12-14,64,266267310.0,1522.684375,202,213319.54455445544
2025-12-15,87,390422890.0,1554.6045977011495,177,192072.50847457626
2025-12-16,73,331265771.0,1622.309589041096,215,210222.7488372093
2025-12-17,66,346332012.0,1662.0136363636364,184,216793.27717391305
2025-12-18,85,384800626.0,1656.389411764706,198,204271.45454545456
2025-12-19,27,169374065.0,1463.6814814814816,72,177570.48611111112
2025-12-20,35,134615875.0,1562.682857142857,75,208671.16
2025-12-21,79,310762132.0,1658.4835443037975,216,215521.34722222222
2025-12-22,64,304242655.0,1628.5265625,225,211207.95555555556
2025-12-23,84,423748924.0,1649.5392857142856,172,203349.2558139535
2025-12-24,88,413944631.0,1547.4806818181817,191,210805.29319371728
2025-12-25,94,412206209.0,1774.2606382978724,220,191459.56363636363
2025-12-26,21,91863910.0,1609.1523809523808,76,218480.67105263157
2025-12-27,30,117385808.0,1748.1666666666667,79,167080.13924050634
2025-12-28,84,389409640.0,1655.859523809524,200,213915.465
2025-12-29,75,408068820.0,1852.7533333333333,204,220733.39705882352
2025-12-30,80,319639229.0,1580.02,218,217687.1009174312
2025-12-31,86,438362028.0,1586.5941860465116,207,222721.5265700483
2026-01-01,81,373828662.0,1872.3975308641977,208,237830.8076923077
2026-01-02,24,100802180.0,1939.3083333333334,78,226175.96153846153
2026-01-03,41,214874872.0,1682.1682926829267,94,217102.54255319148
2026-01-04,77,402404095.0,1765.0389610389611,209,235411.36842105264
2026-01-05,75,415687891.0,1784.3666666666666,211,214732.15165876778
2026-01-06,77,280772520.0,1688.6935064935064,207,216549.8647342995
2026-01-07,75,389630636.0,1731.9933333333333,195,231122.1794871795
2026-01-08,83,380308405.0,1655.1289156626508,201,211514.2487562189
2026-01-09,22,101031806.0,1559.540909090909,75,246019.57333333333
2026-01-10,36,197038257.0,1694.7944444444445,96,202947.39583333334
2026-01-11,82,476756543.0,1711.9865853658537,205,221160.93170731707
2026-01-12,83,352149477.0,1759.2301204819278,176,196735.61931818182
2026-01-13,65,326562631.0,1687.1876923076923,204,219127.25
2026-01-14,97,314937494.0,1644.0463917525774,182,208797.1098901099
2026-01-15,85,368623755.0,1716.8364705882354,194,207450.72680412373
2026-01-16,28,129950770.0,1440.1535714285715,76,194192.57894736843
2026-01-17,29,176043411.0,1526.3793103448277,70,187672.74285714285
2026-01-18,78,333217680.0,1687.5192307692307,196,201064.0969387755
2026-01-19,73,315930355.0,1768.817808219178,194,197951.22680412373
2026-01-20,70,312987265.0,1707.4514285714286,190,201929.46315789473
2026-01-21,71,329127815.0,1589.6718309859154,189,206240.43915343916
2026-01-22,86,323774732.0,1571.3732558139536,222,213713.79279279278
2026-01-23,28,125367358.0,1708.95,73,202376.67123287672
2026-01-24,42,198180546.0,1723.9214285714286,83,203397.44578313254
2026-01-25,72,348352032.0,1793.0069444444443,214,229033.78971962616
2026-01-26,73,374667850.0,1668.3643835616438,190,214602.68421052632
2026-01-27,81,352553618.0,1667.0123456790122,204,209582.75
2026-01-28,75,350830906.0,1624.7693333333334,206,229352.3058252427
2026-01-29,92,464777044.0,1760.8163043478262,175,216928.06857142856
2026-01-30,33,96486865.0,1414.857575757576,64,237855.359375
2026-01-31,30,158422929.0,1549.8366666666666,96,232600.21875
2026-02-01,87,442611025.0,1737.0091954022987,208,195031.20673076922
2026-02-02,89,472557248.0,1834.0247191011238,169,207500.9349112426
2026-02-03,75,406194894.0,1724.304,195,197235.50256410256
2026-02-04,75,387405595.0,1749.6280000000002,208,217604.4423076923
2026-02-05,75,277010646.0,1586.4973333333335,214,221185.1168224299
2026-02-06,22,94421333.0,1656.65,78,239324.70512820513
2026-02-07,32,178336512.0,1670.8375,84,182284.15476190476
2026-02-08,84,431858793.0,1774.9988095238095,207,226007.14009661836
2026-02-09,87,372867268.0,1776.5298850574713,196,214724.64285714287
2026-02-10,77,341231562.0,1775.5142857142857,178,218008.64044943822
2026-02-11,99,429370595.0,1787.1131313131314,200,226539.905
2026-02-12,86,443603402.0,1723.9395348837209,192,201866.08854166666
2026-02-13,27,139854156.0,1886.251851851852,69,202770.86956521738
2026-02-14,36,198921894.0,1613.7722222222224,75,216309.12
2026-02-15,91,437829986.0,1831.0285714285715,176,210401.29545454544
2026-02-16,78,386060250.0,1857.5166666666664,207,197746.18357487922
2026-02-17,81,452175157.0,1703.488888888889,201,202656.7064676617
2026-02-18,72,327701699.0,1801.0625,201,219357.43781094527
2026-02-19,68,290702502.0,1743.4720588235296,187,204571.26203208556
2026-02-20,23,176750121.0,1878.1608695652174,75,209459.0
2026-02-21,24,74033001.0,1577.1791666666668,82,214555.17073170733
2026-02-22,80,434698105.0,1876.265,216,202905.97222222222
2026-02-23,85,381560947.0,1612.2694117647059,199,209237.88442211054
2026-02-24,74,320056401.0,1760.1216216216217,186,225247.54301075268
2026-02-25,81,363306797.0,1568.4938271604938,202,225772.89108910892
2026-02-26,76,347602307.0,1709.6078947368421,172,207177.96511627908
2026-02-27,29,178206183.0,1549.7827586206895,78,224363.7564102564
2026-02-28,31,132359166.0,1675.625806451613,99,212588.66666666666
2026-03-01,81,447407466.0,1718.3024691358025,186,224110.98924731184
2026-03-02,66,358839361.0,1788.310606060606,175,239508.4057142857
2026-03-03,69,330976194.0,1821.5565217391304,183,213880.09836065574
2026-03-04,71,370672106.0,1867.6507042253522,192,220350.609375
2026-03-05,66,429284648.0,1753.9363636363637,221,223599.4705882353
2026-03-06,33,165001720.0,1520.4969696969697,79,224857.16455696203
2026-03-07,41,201416794.0,1673.5756097560977,79,177666.81012658228
2026-03-08,67,273053528.0,1950.2119402985074,197,198080.6345177665
2026-03-09,75,339693541.0,1918.5693333333336,193,237691.98445595856
2026-03-10,73,327379465.0,1691.7109589041095,188,224811.87234042553
2026-03-11,73,348892428.0,1599.9342465753425,197,220956.37563451775
2026-03-12,84,398984277.0,1806.477380952381,195,241549.8153846154
2026-03-13,30,101997232.0,1453.3966666666668,55,234246.9818181818
2026-03-14,32,133233846.0,1721.915625,81,201230.11111111112
2026-03-15,65,279998240.0,1620.4415384615384,197,207584.3197969543
2026-03-16,66,364194008.0,1828.7272727272727,187,219684.8770053476
2026-03-17,70,330193169.0,1562.9914285714285,162,220733.3148148148
2026-03-18,86,456787647.0,1748.4546511627907,191,195913.9267015707
2026-03-19,76,334706489.0,1684.5842105263157,166,192747.57228915664
2026-03-20,35,167298287.0,1727.1914285714286,70,219025.4
2026-03-21,23,107761256.0,1618.6000000000001,74,179214.12162162163
2026-03-22,60,259265102.0,1646.175,171,203728.4269005848
2026-03-23,62,320863228.0,1740.2596774193548,166,211635.42771084336
2026-03-24,66,405002478.0,1888.9575757575758,174,223405.74137931035
2026-03-25,70,344387106.0,1677.344285714286,181,208507.61878453038
2026-03-26,66,278340743.0,1555.771212121212,171,240437.25730994152
2026-03-27,17,100432718.0,1700.6705882352942,59,231939.69491525425
2026-03-28,36,219068157.0,1828.1555555555558,78,227832.47435897434
2026-03-29,62,315578943.0,1739.6661290322581,185,215608.35135135136
2026-03-30,66,424078894.0,1875.0030303030303,168,221910.43452380953
2026-03-31,59,300093446.0,1722.042372881356,169,241147.94082840238
2026-04-01,64,345700611.0,1927.503125,180,210379.88888888888
2026-04-02,68,427709103.0,1860.6220588235294,176,235023.61363636365
2026-04-03,27,89187831.0,1730.4259259259259,60,212292.15
2026-04-04,29,138411550.0,1666.8758620689655,94,199947.3829787234
2026-04-05,71,364262328.0,1683.8014084507042,164,240745.23780487804
2026-04-06,71,248903761.0,1604.556338028169,189,205034.77777777778
2026-04-07,57,290366948.0,1640.8947368421052,169,211706.4201183432
2026-04-08,79,340037983.0,1687.6999999999998,188,219320.73936170212
2026-04-09,64,289407200.0,1747.625,151,235802.19867549668
2026-04-10,20,103078348.0,1597.3600000000001,64,222388.734375
2026-04-11,23,134105246.0,1777.7695652173911,59,216053.7288135593
2026-04-12,66,254320061.0,1613.0045454545455,151,216400.64238410597
2026-04-13,63,289952148.0,1601.5285714285715,160,188487.88125
2026-04-14,67,278593041.0,1838.6507462686568,145,232079.14482758622
2026-04-15,60,225898942.0,1519.6033333333332,161,209979.85714285713
2026-04-16,75,374147066.0,1680.3973333333333,179,203759.91620111733
2026-04-17,21,92325253.0,1781.3333333333333,55,210904.4
2026-04-18,41,207980113.0,1548.4975609756098,76,185270.13157894736
2026-04-19,70,353933752.0,1896.4885714285715,170,207004.95882352942
2026-04-20,62,325900549.0,1728.5370967741935,163,221889.7300613497
2026-04-21,79,360792253.0,1745.4632911392405,155,205024.78064516129
2026-04-22,46,219028960.0,1657.9239130434783,164,217478.9756097561
2026-04-23,63,293433811.0,1755.557142857143,147,250535.6394557823
2026-04-24,16,77803688.0,1636.48125,55,244119.9090909091
2026-04-25,26,113888160.0,1702.9153846153847,72,217100.25
2026-04-26,65,284413873.0,1720.676923076923,153,233407.71895424835
2026-04-27,66,284733499.0,1678.7060606060606,130,219286.56153846154
2026-04-28,63,278842170.0,1826.7920634920633,148,225162.94594594595
2026-04-29,50,215228751.0,1572.19,146,203000.698630137
2026-04-30,58,229712859.0,1705.1637931034484,159,218834.8679245283
2026-05-01,17,62362504.0,1712.9882352941177,66,193968.62121212122
2026-05-02,28,132636393.0,1799.4750000000001,89,199508.47191011236
2026-05-03,50,247589965.0,1760.03,153,222637.60130718953
2026-05-04,67,442125847.0,1768.5313432835821,140,227539.24285714285
2026-05-05,62,318701078.0,1698.633870967742,131,215956.07633587785
2026-05-06,64,295245420.0,1732.7578125,148,227896.22972972973
2026-05-07,57,250544923.0,1663.005263157895,134,231390.55970149254
2026-05-08,15,78881271.0,1667.02,48,237231.9375
2026-05-09,27,91246183.0,1486.4518518518516,70,213765.12857142856
2026-05-10,54,255729761.0,1621.5444444444443,154,227751.3831168831
2026-05-11,61,318437513.0,1669.0606557377048,144,204414.95138888888
2026-05-12,47,212109377.0,1772.6872340425532,146,223149.94520547945
2026-05-13,54,234031176.0,1630.8648148148147,156,253826.9871794872
2026-05-14,54,258221655.0,1812.8481481481483,126,186815.54761904763
2026-05-15,21,83644157.0,1746.209523809524,54,214484.2962962963
2026-05-16,24,148090045.0,1670.8333333333333,56,225815.9642857143
2026-05-17,50,283042880.0,1849.546,142,204059.94366197183
2026-05-18,61,213926070.0,1679.7590163934426,145,228251.59310344828
2026-05-19,54,282998621.0,1864.1148148148147,127,208585.7716535433
2026-05-20,60,317926471.0,1733.2633333333333,140,229133.95
2026-05-21,47,260516567.0,2149.6127659574468,128,210996.875
2026-05-22,17,77916813.0,1812.5352941176473,44,270461.70454545453
2026-05-23,21,124057990.0,1835.5047619047618,55,203431.85454545455
2026-05-24,57,300978966.0,1627.9315789473683,138,231901.92028985507
2026-05-25,52,361095324.0,1838.6365384615385,142,230564.7605633803
2026-05-26,51,249791388.0,1779.992156862745,128,217633.171875
2026-05-27,55,283460719.0,1746.5018181818182,127,236656.51181102364
2026-05-28,48,236801149.0,1980.1479166666668,133,204365.63909774437
2026-05-29,12,105023282.0,1884.825,43,219607.11627906977
2026-05-30,27,208268714.0,1615.6370370370369,45,272502.6222222222
2026-05-31,44,230457335.0,1757.390909090909,131,251159.93893129771
2026-06-01,53,261025277.0,1832.0830188679245,135,210068.25925925927
2026-06-02,61,293538373.0,1686.6114754098362,112,215277.3392857143
2026-06-03,51,255841612.0,1783.2196078431373,132,232393.03787878787
2026-06-04,35,162683475.0,1614.9485714285713,126,217492.84126984127
2026-06-05,25,127534520.0,1598.096,34,260820.5588235294
2026-06-06,24,97430002.0,1855.0791666666667,54,204780.40740740742
2026-06-07,60,256107823.0,1750.9399999999998,137,226682.21167883213
2026-06-08,40,212439713.0,1847.935,116,225170.6896551724
2026-06-09,65,276547366.0,1779.7061538461537,116,234882.05172413794
2026-06-10,49,210859569.0,1744.0591836734693,110,218034.22727272726
2026-06-11,58,269174991.0,1855.8189655172414,124,222501.7983870968
2026-06-12,15,125648614.0,1895.2,40,207095.175
2026-06-13,19,104594777.0,1598.2736842105264,43,207472.06976744186
2026-06-14,31,167317585.0,1659.4580645161288,131,225178.96946564884
2026-06-15,59,329257389.0,1739.7050847457629,123,232183.38211382114
2026-06-16,53,266895863.0,1769.698113207547,118,224261.12711864407
2026-06-17,53,225014684.0,1774.9226415094338,116,211138.8275862069
2026-06-18,51,233753096.0,1713.3999999999999,108,221108.2962962963
2026-06-19,13,75274175.0,1926.107692307692,40,192607.2
2026-06-20,18,65838728.0,1524.7666666666667,45,217063.11111111112
2026-06-21,39,198948415.0,1929.2615384615383,113,211934.1946902655
2026-06-22,52,282283318.0,1650.7057692307692,104,236930.32692307694
2026-06-23,41,200003129.0,1702.1341463414635,127,216703.96062992126
2026-06-24,56,253132374.0,1596.1625000000001,114,226767.61403508772
2026-06-25,52,305925645.0,1791.2192307692308,110,212581.2
2026-06-26,10,35336079.0,1989.8700000000001,33,219099.39393939395
2026-06-27,21,170441246.0,2138.404761904762,66,223853.36363636365
2026-06-28,34,167370581.0,1728.4941176470588,113,225594.7610619469
2026-06-29,53,250538787.0,1829.4509433962262,135,247488.03703703705
2026-06-30,42,172621416.0,1864.290476190476,128,241895.9609375
2026-07-01,54,254359033.0,1685.012962962963,107,223074.13084112148
2026-07-02,36,185092209.0,1727.802777777778,118,213959.25423728814
2026-07-03,17,108457627.0,1674.0176470588235,59,249172.54237288135
2026-07-04,24,83400204.0,1579.4083333333335,46,231633.19565217392
2026-07-05,46,246119846.0,1969.6652173913044,116,215306.68103448275
2026-07-06,39,186885849.0,1772.923076923077,128,218019.4921875
2026-07-07,58,222284772.0,1702.1086206896553,148,235103.39864864864
2026-07-08,48,245356200.0,1744.9854166666667,124,219791.3064516129
2026-07-09,50,299631928.0,1692.4660000000001,104,232404.35576923078
2026-07-10,21,68948818.0,1817.3285714285714,44,185293.88636363635
2026-07-11,18,73353436.0,1557.7944444444445,48,209605.16666666666
2026-07-12,41,171389334.0,1722.0365853658536,100,211155.0
2026-07-13,45,249308252.0,1653.7644444444443,122,226271.15573770492
2026-07-14,33,170482871.0,1794.3303030303032,124,201370.21774193548
2026-07-15,51,200752707.0,1661.080392156863,132,244083.07575757575
2026-07-16,43,170911463.0,1647.7744186046511,104,216994.09615384616
2026-07-17,15,39857439.0,1519.0,38,212134.76315789475
2026-07-18,17,88811005.0,1570.129411764706,53,219261.96226415093
2026-07-19,63,403037208.0,1966.1793650793652,113,232044.83185840707
2026-07-20,45,293910461.0,1602.2800000000002,108,227282.10185185185
2026-07-21,45,236899275.0,1921.8311111111109,123,204248.0162601626
2026-07-22,45,233761470.0,1799.3911111111113,117,255536.84615384616
2026-07-23,57,359798295.0,2079.4105263157894,108,200821.17592592593
2026-07-24,14,59137392.0,1815.6785714285713,32,181427.875
2026-07-25,22,78543972.0,1845.0454545454545,69,185078.4492753623
2026-07-26,39,180140016.0,1899.5102564102563,120,211660.74166666667
2026-07-27,54,266091133.0,1670.5703703703705,125,203594.888
2026-07-28,43,184949590.0,1533.2,138,211855.84057971014
2026-07-29,51,307348279.0,1922.6019607843136,138,205541.80434782608
2026-07-30,51,244868610.0,1996.178431372549,105,234433.62857142856
2026-07-31,15,66268572.0,1371.5466666666666,46,241601.26086956522
2026-08-01,12,107590240.0,2232.4166666666665,66,269074.19696969696
2026-08-02,39,163449526.0,1840.220512820513,115,235061.6
2026-08-03,46,198775961.0,1938.2695652173911,132,209167.65151515152
2026-08-04,44,200695289.0,1800.8795454545455,113,227009.796460177
2026-08-05,45,288092145.0,1873.0777777777778,131,237775.79389312977
2026-08-06,50,191077924.0,1716.766,112,233363.41964285713
2026-08-07,16,53878821.0,1531.25,50,233835.04
2026-08-08,23,99457479.0,1830.9217391304346,68,231306.6911764706
2026-08-09,51,318575904.0,2161.4686274509804,125,208552.064
2026-08-10,43,177325429.0,1739.3906976744186,137,236445.0291970803
2026-08-11,56,301185207.0,1651.0660714285714,120,223568.7
2026-08-12,51,290949756.0,2078.235294117647,112,267311.58035714284
2026-08-13,37,213353049.0,1654.6,121,229983.85950413224
2026-08-14,23,182449947.0,1860.0260869565216,38,214452.73684210525
2026-08-15,20,120087190.0,1604.77,49,228799.5918367347
2026-08-16,47,281043684.0,1940.527659574468,119,223052.06722689077
2026-08-17,59,234667871.0,1809.5610169491526,106,205617.04716981133
2026-08-18,40,230421277.0,2009.4525,104,217383.82692307694
2026-08-19,48,294644374.0,1835.5041666666666,110,222082.80909090908
2026-08-20,53,310891117.0,1962.1037735849056,108,242056.65740740742
2026-08-21,15,89439827.0,1820.5600000000002,46,252755.3260869565
2026-08-22,21,88730019.0,1650.142857142857,50,208035.56
2026-08-23,67,325785902.0,1711.7820895522386,132,205438.60606060605
2026-08-24,41,161788972.0,1875.131707317073,123,198652.0894308943
2026-08-25,54,236040674.0,1662.1685185185186,118,200196.14406779662
2026-08-26,49,277552773.0,1869.6346938775512,141,204336.41134751774
2026-08-27,50,269304753.0,1663.37,144,227070.11805555556
2026-08-28,16,115127666.0,1740.69375,48,232338.39583333334
2026-08-29,26,191191168.0,1726.5153846153846,54,214317.0185185185
2026-08-30,44,223736743.0,1887.6340909090907,127,221965.09448818897
2026-08-31,37,122859057.0,1506.0486486486486,143,208709.55244755244
2026-09-01,52,294698204.0,1759.1557692307692,121,217423.0
2026-09-02,41,179033824.0,2000.470731707317,135,225039.95555555556
2026-09-03,56,278221551.0,1671.4446428571428,144,229272.3125
2026-09-04,25,113169281.0,1672.636,44,223371.56818181818
2026-09-05,21,95744740.0,1755.9095238095238,60,230388.76666666666
2026-09-06,44,196866441.0,1677.7204545454545,150,227237.14666666667
